SampleID	geneID	database	pathway_name	nonhost	count	props
IA66.10.mos	4Hbt	butyrate_20180612	4aminobutyrate	9369060	711	7.58880826891919e-05
IA66.10.mos	AbfD-Isom	butyrate_20180612	4aminobutyrate	9369060	633	6.75628077950189e-05
IA66.10.mos	AbfH	butyrate_20180612	4aminobutyrate	9369060	190	2.02795157678572e-05
IA66.10.mos	AtoA	butyrate_20180612	Lysine	9369060	175	1.86785013651316e-05
IA66.10.mos	AtoD	butyrate_20180612	Lysine	9369060	136	1.45158639180451e-05
IA66.10.mos	Bcd	butyrate_20180612	Pyruvate	9369060	1594	0.00017013446386297
IA66.10.mos	Buk	butyrate_20180612	Pyruvate	9369060	880	9.39261782932333e-05
IA66.10.mos	But	butyrate_20180612	Pyruvate	9369060	927	9.894269008844e-05
IA66.10.mos	Cro	butyrate_20180612	Pyruvate	9369060	430	4.58957462114663e-05
IA66.10.mos	EtfA	butyrate_20180612	Pyruvate	9369060	1259	0.000134378475535433
IA66.10.mos	EtfB	butyrate_20180612	Pyruvate	9369060	985	0.000105133279112312
IA66.10.mos	GctA	butyrate_20180612	Glutarate	9369060	78	8.32527489417295e-06
IA66.10.mos	GctB	butyrate_20180612	Glutarate	9369060	85	9.07241494877821e-06
IA66.10.mos	Hbd	butyrate_20180612	Pyruvate	9369060	449	4.7923697788252e-05
IA66.10.mos	HgCoAd_A	butyrate_20180612	Glutarate	9369060	210	2.24142016381579e-05
IA66.10.mos	HgCoAd_B	butyrate_20180612	Glutarate	9369060	166	1.77178927234963e-05
IA66.10.mos	HgCoAd_C	butyrate_20180612	Glutarate	9369060	87	9.28588353580829e-06
IA66.10.mos	HgdA	butyrate_20180612	Glutarate	9369060	181	1.93189071262218e-05
IA66.10.mos	HgdB	butyrate_20180612	Glutarate	9369060	1707	0.00018219543903017
IA66.10.mos	Kal	butyrate_20180612	Lysine	9369060	125	1.33417866893797e-05
IA66.10.mos	KamA	butyrate_20180612	Lysine	9369060	556	5.9344267194361e-05
IA66.10.mos	KamD	butyrate_20180612	Lysine	9369060	651	6.94840250782896e-05
IA66.10.mos	KamE	butyrate_20180612	Lysine	9369060	327	3.49021139794174e-05
IA66.10.mos	Kce	butyrate_20180612	Lysine	9369060	318	3.3941505337782e-05
IA66.10.mos	Kdd	butyrate_20180612	Lysine	9369060	308	3.28741624026316e-05
IA66.10.mos	Ptb	butyrate_20180612	Pyruvate	9369060	346	3.69300655562031e-05
IA66.10.mos	Thl	butyrate_20180612	Pyruvate	9369060	804	8.58143719860904e-05
IA66.1yr	4Hbt	butyrate_20180612	4aminobutyrate	10229311	430	4.20360667497547e-05
IA66.1yr	AbfD-Isom	butyrate_20180612	4aminobutyrate	10229311	826	8.07483514774358e-05
IA66.1yr	AbfH	butyrate_20180612	4aminobutyrate	10229311	218	2.1311308259178e-05
IA66.1yr	AtoA	butyrate_20180612	Lysine	10229311	201	1.96494172481411e-05
IA66.1yr	AtoD	butyrate_20180612	Lysine	10229311	160	1.56413271626994e-05
IA66.1yr	Bcd	butyrate_20180612	Pyruvate	10229311	2378	0.00023246922495562
IA66.1yr	Buk	butyrate_20180612	Pyruvate	10229311	1142	0.000111639972623767
IA66.1yr	But	butyrate_20180612	Pyruvate	10229311	918	8.97421145959879e-05
IA66.1yr	Cro	butyrate_20180612	Pyruvate	10229311	830	8.11393846565033e-05
IA66.1yr	EtfA	butyrate_20180612	Pyruvate	10229311	1756	0.000171663565610626
IA66.1yr	EtfB	butyrate_20180612	Pyruvate	10229311	1388	0.000135688513136417
IA66.1yr	GctA	butyrate_20180612	Glutarate	10229311	33	3.22602372730676e-06
IA66.1yr	GctB	butyrate_20180612	Glutarate	10229311	30	2.93274884300614e-06
IA66.1yr	Hbd	butyrate_20180612	Pyruvate	10229311	647	6.32496167141658e-05
IA66.1yr	HgCoAd_A	butyrate_20180612	Glutarate	10229311	146	1.42727110359632e-05
IA66.1yr	HgCoAd_B	butyrate_20180612	Glutarate	10229311	56	5.4744645069448e-06
IA66.1yr	HgCoAd_C	butyrate_20180612	Glutarate	10229311	46	4.49688155927608e-06
IA66.1yr	HgdA	butyrate_20180612	Glutarate	10229311	50	4.88791473834357e-06
IA66.1yr	HgdB	butyrate_20180612	Glutarate	10229311	1727	0.000168828575062387
IA66.1yr	Kal	butyrate_20180612	Lysine	10229311	112	1.09489290138896e-05
IA66.1yr	KamA	butyrate_20180612	Lysine	10229311	555	5.42558535956136e-05
IA66.1yr	KamD	butyrate_20180612	Lysine	10229311	642	6.27608252403314e-05
IA66.1yr	KamE	butyrate_20180612	Lysine	10229311	319	3.1184896030632e-05
IA66.1yr	Kce	butyrate_20180612	Lysine	10229311	289	2.82521471876258e-05
IA66.1yr	Kdd	butyrate_20180612	Lysine	10229311	330	3.22602372730676e-05
IA66.1yr	Ptb	butyrate_20180612	Pyruvate	10229311	528	5.16163796369081e-05
IA66.1yr	Thl	butyrate_20180612	Pyruvate	10229311	1106	0.00010812067401216
IA66.20mo	4Hbt	butyrate_20180612	4aminobutyrate	2999033	91	3.03431139303902e-05
IA66.20mo	AbfD-Isom	butyrate_20180612	4aminobutyrate	2999033	78	2.60083833689059e-05
IA66.20mo	AbfH	butyrate_20180612	4aminobutyrate	2999033	46	1.53382773714061e-05
IA66.20mo	AtoA	butyrate_20180612	Lysine	2999033	173	5.76852605489836e-05
IA66.20mo	AtoD	butyrate_20180612	Lysine	2999033	82	2.73421466185934e-05
IA66.20mo	Bcd	butyrate_20180612	Pyruvate	2999033	279	9.30299866657019e-05
IA66.20mo	Buk	butyrate_20180612	Pyruvate	2999033	124	4.1346660740312e-05
IA66.20mo	But	butyrate_20180612	Pyruvate	2999033	95	3.16768771800777e-05
IA66.20mo	Cro	butyrate_20180612	Pyruvate	2999033	96	3.20103179924996e-05
IA66.20mo	EtfA	butyrate_20180612	Pyruvate	2999033	231	7.70248276694521e-05
IA66.20mo	EtfB	butyrate_20180612	Pyruvate	2999033	161	5.36839707999212e-05
IA66.20mo	GctA	butyrate_20180612	Glutarate	2999033	19	6.33537543601554e-06
IA66.20mo	GctB	butyrate_20180612	Glutarate	2999033	4	1.33376324968748e-06
IA66.20mo	Hbd	butyrate_20180612	Pyruvate	2999033	95	3.16768771800777e-05
IA66.20mo	HgCoAd_A	butyrate_20180612	Glutarate	2999033	30	1.00032243726561e-05
IA66.20mo	HgCoAd_B	butyrate_20180612	Glutarate	2999033	18	6.00193462359367e-06
IA66.20mo	HgCoAd_C	butyrate_20180612	Glutarate	2999033	7	2.33408568695309e-06
IA66.20mo	HgdA	butyrate_20180612	Glutarate	2999033	22	7.33569787328115e-06
IA66.20mo	HgdB	butyrate_20180612	Glutarate	2999033	328	0.000109368586474374
IA66.20mo	Kal	butyrate_20180612	Lysine	2999033	7	2.33408568695309e-06
IA66.20mo	KamA	butyrate_20180612	Lysine	2999033	43	1.43379549341404e-05
IA66.20mo	KamD	butyrate_20180612	Lysine	2999033	47	1.56717181838279e-05
IA66.20mo	KamE	butyrate_20180612	Lysine	2999033	26	8.66946112296864e-06
IA66.20mo	Kce	butyrate_20180612	Lysine	2999033	18	6.00193462359367e-06
IA66.20mo	Kdd	butyrate_20180612	Lysine	2999033	24	8.0025794981249e-06
IA66.20mo	Ptb	butyrate_20180612	Pyruvate	2999033	33	1.10035468099217e-05
IA66.20mo	Thl	butyrate_20180612	Pyruvate	2999033	307	0.000102366329413514
IA66.d125	4Hbt	butyrate_20180612	4aminobutyrate	4680342	261	5.57651556232429e-05
IA66.d125	AbfD-Isom	butyrate_20180612	4aminobutyrate	4680342	268	5.72607728238663e-05
IA66.d125	AbfH	butyrate_20180612	4aminobutyrate	4680342	135	2.88440460120222e-05
IA66.d125	AtoA	butyrate_20180612	Lysine	4680342	79	1.68791084070352e-05
IA66.d125	AtoD	butyrate_20180612	Lysine	4680342	59	1.26059164052541e-05
IA66.d125	Bcd	butyrate_20180612	Pyruvate	4680342	740	0.000158108104065899
IA66.d125	Buk	butyrate_20180612	Pyruvate	4680342	438	9.35829048390054e-05
IA66.d125	But	butyrate_20180612	Pyruvate	4680342	348	7.43535408309906e-05
IA66.d125	Cro	butyrate_20180612	Pyruvate	4680342	290	6.19612840258255e-05
IA66.d125	EtfA	butyrate_20180612	Pyruvate	4680342	576	0.000123067929651295
IA66.d125	EtfB	butyrate_20180612	Pyruvate	4680342	497	0.00010618882124426
IA66.d125	GctA	butyrate_20180612	Glutarate	4680342	42	8.97370320374024e-06
IA66.d125	GctB	butyrate_20180612	Glutarate	4680342	48	1.02556608042746e-05
IA66.d125	Hbd	butyrate_20180612	Pyruvate	4680342	327	6.98666892291204e-05
IA66.d125	HgCoAd_A	butyrate_20180612	Glutarate	4680342	75	1.6024470006679e-05
IA66.d125	HgCoAd_B	butyrate_20180612	Glutarate	4680342	76	1.62381296067681e-05
IA66.d125	HgCoAd_C	butyrate_20180612	Glutarate	4680342	37	7.90540520329497e-06
IA66.d125	HgdA	butyrate_20180612	Glutarate	4680342	63	1.34605548056104e-05
IA66.d125	HgdB	butyrate_20180612	Glutarate	4680342	1037	0.000221565005292348
IA66.d125	Kal	butyrate_20180612	Lysine	4680342	46	9.82834160409645e-06
IA66.d125	KamA	butyrate_20180612	Lysine	4680342	232	4.95690272206604e-05
IA66.d125	KamD	butyrate_20180612	Lysine	4680342	298	6.36705608265379e-05
IA66.d125	KamE	butyrate_20180612	Lysine	4680342	175	3.73904300155843e-05
IA66.d125	Kce	butyrate_20180612	Lysine	4680342	123	2.62801308109536e-05
IA66.d125	Kdd	butyrate_20180612	Lysine	4680342	122	2.60664712108645e-05
IA66.d125	Ptb	butyrate_20180612	Pyruvate	4680342	243	5.191928282164e-05
IA66.d125	Thl	butyrate_20180612	Pyruvate	4680342	518	0.00011067567284613
IA66.d35	4Hbt	butyrate_20180612	4aminobutyrate	4730409	235	4.96785795900524e-05
IA66.d35	AbfD-Isom	butyrate_20180612	4aminobutyrate	4730409	114	2.40993960564509e-05
IA66.d35	AbfH	butyrate_20180612	4aminobutyrate	4730409	73	1.54320694045695e-05
IA66.d35	AtoA	butyrate_20180612	Lysine	4730409	57	1.20496980282255e-05
IA66.d35	AtoD	butyrate_20180612	Lysine	4730409	27	5.70775169758048e-06
IA66.d35	Bcd	butyrate_20180612	Pyruvate	4730409	521	0.000110138467942201
IA66.d35	Buk	butyrate_20180612	Pyruvate	4730409	343	7.25095863803743e-05
IA66.d35	But	butyrate_20180612	Pyruvate	4730409	199	4.20682439932784e-05
IA66.d35	Cro	butyrate_20180612	Pyruvate	4730409	151	3.19211298642464e-05
IA66.d35	EtfA	butyrate_20180612	Pyruvate	4730409	453	9.57633895927392e-05
IA66.d35	EtfB	butyrate_20180612	Pyruvate	4730409	340	7.18753917473098e-05
IA66.d35	GctA	butyrate_20180612	Glutarate	4730409	14	2.95957495430099e-06
IA66.d35	GctB	butyrate_20180612	Glutarate	4730409	19	4.01656600940849e-06
IA66.d35	Hbd	butyrate_20180612	Pyruvate	4730409	174	3.67832887177409e-05
IA66.d35	HgCoAd_A	butyrate_20180612	Glutarate	4730409	59	1.24724944502685e-05
IA66.d35	HgCoAd_B	butyrate_20180612	Glutarate	4730409	46	9.72431770698897e-06
IA66.d35	HgCoAd_C	butyrate_20180612	Glutarate	4730409	17	3.59376958736549e-06
IA66.d35	HgdA	butyrate_20180612	Glutarate	4730409	36	7.61033559677398e-06
IA66.d35	HgdB	butyrate_20180612	Glutarate	4730409	1018	0.000215203378819886
IA66.d35	Kal	butyrate_20180612	Lysine	4730409	28	5.91914990860198e-06
IA66.d35	KamA	butyrate_20180612	Lysine	4730409	144	3.04413423870959e-05
IA66.d35	KamD	butyrate_20180612	Lysine	4730409	162	3.42465101854829e-05
IA66.d35	KamE	butyrate_20180612	Lysine	4730409	90	1.90258389919349e-05
IA66.d35	Kce	butyrate_20180612	Lysine	4730409	71	1.50092729825265e-05
IA66.d35	Kdd	butyrate_20180612	Lysine	4730409	72	1.5220671193548e-05
IA66.d35	Ptb	butyrate_20180612	Pyruvate	4730409	165	3.48807048185474e-05
IA66.d35	Thl	butyrate_20180612	Pyruvate	4730409	311	6.57448436276863e-05
IA66.pre	4Hbt	butyrate_20180612	4aminobutyrate	9576007	393	4.10400702505752e-05
IA66.pre	AbfD-Isom	butyrate_20180612	4aminobutyrate	9576007	314	3.27902851365919e-05
IA66.pre	AbfH	butyrate_20180612	4aminobutyrate	9576007	95	9.92062766871411e-06
IA66.pre	AtoA	butyrate_20180612	Lysine	9576007	154	1.60818595892839e-05
IA66.pre	AtoD	butyrate_20180612	Lysine	9576007	109	1.13826149041036e-05
IA66.pre	Bcd	butyrate_20180612	Pyruvate	9576007	1477	0.000154239653333587
IA66.pre	Buk	butyrate_20180612	Pyruvate	9576007	790	8.24978511398331e-05
IA66.pre	But	butyrate_20180612	Pyruvate	9576007	911	9.51335979599848e-05
IA66.pre	Cro	butyrate_20180612	Pyruvate	9576007	430	4.49038936583902e-05
IA66.pre	EtfA	butyrate_20180612	Pyruvate	9576007	1226	0.000128028310756247
IA66.pre	EtfB	butyrate_20180612	Pyruvate	9576007	1046	0.000109231332015526
IA66.pre	GctA	butyrate_20180612	Glutarate	9576007	111	1.15914702234449e-05
IA66.pre	GctB	butyrate_20180612	Glutarate	9576007	99	1.03383383073968e-05
IA66.pre	Hbd	butyrate_20180612	Pyruvate	9576007	476	4.97075660032412e-05
IA66.pre	HgCoAd_A	butyrate_20180612	Glutarate	9576007	219	2.28696574678778e-05
IA66.pre	HgCoAd_B	butyrate_20180612	Glutarate	9576007	211	2.20342361905124e-05
IA66.pre	HgCoAd_C	butyrate_20180612	Glutarate	9576007	107	1.11737595847622e-05
IA66.pre	HgdA	butyrate_20180612	Glutarate	9576007	191	1.99456829970989e-05
IA66.pre	HgdB	butyrate_20180612	Glutarate	9576007	1867	0.00019496644060515
IA66.pre	Kal	butyrate_20180612	Lysine	9576007	75	7.83207447530061e-06
IA66.pre	KamA	butyrate_20180612	Lysine	9576007	419	4.37551894020128e-05
IA66.pre	KamD	butyrate_20180612	Lysine	9576007	511	5.33625340917148e-05
IA66.pre	KamE	butyrate_20180612	Lysine	9576007	218	2.27652298082071e-05
IA66.pre	Kce	butyrate_20180612	Lysine	9576007	195	2.03633936357816e-05
IA66.pre	Kdd	butyrate_20180612	Lysine	9576007	175	1.82748404423681e-05
IA66.pre	Ptb	butyrate_20180612	Pyruvate	9576007	327	3.41478447123107e-05
IA66.pre	Thl	butyrate_20180612	Pyruvate	9576007	762	7.95738766690542e-05
KF35.10.mos	4Hbt	butyrate_20180612	4aminobutyrate	7556376	187	2.47473127329821e-05
KF35.10.mos	AbfD-Isom	butyrate_20180612	4aminobutyrate	7556376	78	1.03224085196396e-05
KF35.10.mos	AbfH	butyrate_20180612	4aminobutyrate	7556376	78	1.03224085196396e-05
KF35.10.mos	AtoA	butyrate_20180612	Lysine	7556376	63	8.33732995817042e-06
KF35.10.mos	AtoD	butyrate_20180612	Lysine	7556376	50	6.6169285382305e-06
KF35.10.mos	Bcd	butyrate_20180612	Pyruvate	7556376	1237	0.000163702812035822
KF35.10.mos	Buk	butyrate_20180612	Pyruvate	7556376	665	8.80051495584656e-05
KF35.10.mos	But	butyrate_20180612	Pyruvate	7556376	398	5.26707511643147e-05
KF35.10.mos	Cro	butyrate_20180612	Pyruvate	7556376	439	5.80966325656638e-05
KF35.10.mos	EtfA	butyrate_20180612	Pyruvate	7556376	1109	0.000146763474977952
KF35.10.mos	EtfB	butyrate_20180612	Pyruvate	7556376	827	0.000109443998022332
KF35.10.mos	GctA	butyrate_20180612	Glutarate	7556376	53	7.01394425052433e-06
KF35.10.mos	GctB	butyrate_20180612	Glutarate	7556376	46	6.08757425517206e-06
KF35.10.mos	Hbd	butyrate_20180612	Pyruvate	7556376	448	5.92876797025452e-05
KF35.10.mos	HgCoAd_A	butyrate_20180612	Glutarate	7556376	82	1.0851762802698e-05
KF35.10.mos	HgCoAd_B	butyrate_20180612	Glutarate	7556376	100	1.3233857076461e-05
KF35.10.mos	HgCoAd_C	butyrate_20180612	Glutarate	7556376	58	7.67563710434738e-06
KF35.10.mos	HgdA	butyrate_20180612	Glutarate	7556376	107	1.41602270718133e-05
KF35.10.mos	HgdB	butyrate_20180612	Glutarate	7556376	1353	0.000179054086244517
KF35.10.mos	Kal	butyrate_20180612	Lysine	7556376	45	5.95523568440745e-06
KF35.10.mos	KamA	butyrate_20180612	Lysine	7556376	142	1.87920770485746e-05
KF35.10.mos	KamD	butyrate_20180612	Lysine	7556376	185	2.44826355914528e-05
KF35.10.mos	KamE	butyrate_20180612	Lysine	7556376	101	1.33661956472256e-05
KF35.10.mos	Kce	butyrate_20180612	Lysine	7556376	88	1.16457942272857e-05
KF35.10.mos	Kdd	butyrate_20180612	Lysine	7556376	91	1.20428099395795e-05
KF35.10.mos	Ptb	butyrate_20180612	Pyruvate	7556376	390	5.16120425981979e-05
KF35.10.mos	Thl	butyrate_20180612	Pyruvate	7556376	756	0.000100047959498045
KF35.1yr	4Hbt	butyrate_20180612	4aminobutyrate	7825938	194	2.47893607130545e-05
KF35.1yr	AbfD-Isom	butyrate_20180612	4aminobutyrate	7825938	169	2.15948554665268e-05
KF35.1yr	AbfH	butyrate_20180612	4aminobutyrate	7825938	72	9.20017510999959e-06
KF35.1yr	AtoA	butyrate_20180612	Lysine	7825938	74	9.4557355297218e-06
KF35.1yr	AtoD	butyrate_20180612	Lysine	7825938	51	6.51679070291638e-06
KF35.1yr	Bcd	butyrate_20180612	Pyruvate	7825938	1044	0.000133402539094994
KF35.1yr	Buk	butyrate_20180612	Pyruvate	7825938	597	7.628478528708e-05
KF35.1yr	But	butyrate_20180612	Pyruvate	7825938	555	7.09180164729135e-05
KF35.1yr	Cro	butyrate_20180612	Pyruvate	7825938	431	5.50732704501365e-05
KF35.1yr	EtfA	butyrate_20180612	Pyruvate	7825938	930	0.000118835595170828
KF35.1yr	EtfB	butyrate_20180612	Pyruvate	7825938	684	8.74016635449961e-05
KF35.1yr	GctA	butyrate_20180612	Glutarate	7825938	32	4.08896671555537e-06
KF35.1yr	GctB	butyrate_20180612	Glutarate	7825938	17	2.17226356763879e-06
KF35.1yr	Hbd	butyrate_20180612	Pyruvate	7825938	396	5.06009631049978e-05
KF35.1yr	HgCoAd_A	butyrate_20180612	Glutarate	7825938	107	1.36724824551383e-05
KF35.1yr	HgCoAd_B	butyrate_20180612	Glutarate	7825938	71	9.07239490013849e-06
KF35.1yr	HgCoAd_C	butyrate_20180612	Glutarate	7825938	38	4.85564797472201e-06
KF35.1yr	HgdA	butyrate_20180612	Glutarate	7825938	74	9.4557355297218e-06
KF35.1yr	HgdB	butyrate_20180612	Glutarate	7825938	1419	0.000181320117792909
KF35.1yr	Kal	butyrate_20180612	Lysine	7825938	50	6.38901049305527e-06
KF35.1yr	KamA	butyrate_20180612	Lysine	7825938	235	3.00283493173598e-05
KF35.1yr	KamD	butyrate_20180612	Lysine	7825938	259	3.30950743540263e-05
KF35.1yr	KamE	butyrate_20180612	Lysine	7825938	145	1.85281304298603e-05
KF35.1yr	Kce	butyrate_20180612	Lysine	7825938	120	1.53336251833327e-05
KF35.1yr	Kdd	butyrate_20180612	Lysine	7825938	110	1.40558230847216e-05
KF35.1yr	Ptb	butyrate_20180612	Pyruvate	7825938	307	3.92285244273594e-05
KF35.1yr	Thl	butyrate_20180612	Pyruvate	7825938	623	7.96070707434687e-05
KF35.d35	4Hbt	butyrate_20180612	4aminobutyrate	4282282	47	1.09754565439642e-05
KF35.d35	AbfD-Isom	butyrate_20180612	4aminobutyrate	4282282	54	1.26100990079588e-05
KF35.d35	AbfH	butyrate_20180612	4aminobutyrate	4282282	31	7.23913091197637e-06
KF35.d35	AtoA	butyrate_20180612	Lysine	4282282	25	5.83800879998094e-06
KF35.d35	AtoD	butyrate_20180612	Lysine	4282282	18	4.20336633598628e-06
KF35.d35	Bcd	butyrate_20180612	Pyruvate	4282282	523	0.000122131144095601
KF35.d35	Buk	butyrate_20180612	Pyruvate	4282282	243	5.67454455358148e-05
KF35.d35	But	butyrate_20180612	Pyruvate	4282282	231	5.39432013118239e-05
KF35.d35	Cro	butyrate_20180612	Pyruvate	4282282	162	3.78302970238765e-05
KF35.d35	EtfA	butyrate_20180612	Pyruvate	4282282	565	0.000131938998879569
KF35.d35	EtfB	butyrate_20180612	Pyruvate	4282282	417	9.73779867836822e-05
KF35.d35	GctA	butyrate_20180612	Glutarate	4282282	20	4.67040703998476e-06
KF35.d35	GctB	butyrate_20180612	Glutarate	4282282	26	6.07152915198018e-06
KF35.d35	Hbd	butyrate_20180612	Pyruvate	4282282	186	4.34347854718582e-05
KF35.d35	HgCoAd_A	butyrate_20180612	Glutarate	4282282	61	1.42447414719535e-05
KF35.d35	HgCoAd_B	butyrate_20180612	Glutarate	4282282	43	1.00413751359672e-05
KF35.d35	HgCoAd_C	butyrate_20180612	Glutarate	4282282	16	3.7363256319878e-06
KF35.d35	HgdA	butyrate_20180612	Glutarate	4282282	50	1.16760175999619e-05
KF35.d35	HgdB	butyrate_20180612	Glutarate	4282282	559	0.000130537876767574
KF35.d35	Kal	butyrate_20180612	Lysine	4282282	9	2.10168316799314e-06
KF35.d35	KamA	butyrate_20180612	Lysine	4282282	31	7.23913091197637e-06
KF35.d35	KamD	butyrate_20180612	Lysine	4282282	37	8.6402530239718e-06
KF35.d35	KamE	butyrate_20180612	Lysine	4282282	24	5.60448844798171e-06
KF35.d35	Kce	butyrate_20180612	Lysine	4282282	18	4.20336633598628e-06
KF35.d35	Kdd	butyrate_20180612	Lysine	4282282	18	4.20336633598628e-06
KF35.d35	Ptb	butyrate_20180612	Pyruvate	4282282	136	3.17587678718963e-05
KF35.d35	Thl	butyrate_20180612	Pyruvate	4282282	301	7.02896259517706e-05
KF35.pre	4Hbt	butyrate_20180612	4aminobutyrate	9976629	267	2.67625467480048e-05
KF35.pre	AbfD-Isom	butyrate_20180612	4aminobutyrate	9976629	312	3.12730883347471e-05
KF35.pre	AbfH	butyrate_20180612	4aminobutyrate	9976629	155	1.55363099098904e-05
KF35.pre	AtoA	butyrate_20180612	Lysine	9976629	99	9.92319149083323e-06
KF35.pre	AtoD	butyrate_20180612	Lysine	9976629	75	7.51756931123729e-06
KF35.pre	Bcd	butyrate_20180612	Pyruvate	9976629	1707	0.000171099877523761
KF35.pre	Buk	butyrate_20180612	Pyruvate	9976629	607	6.08421942922805e-05
KF35.pre	But	butyrate_20180612	Pyruvate	9976629	864	8.66023984654536e-05
KF35.pre	Cro	butyrate_20180612	Pyruvate	9976629	537	5.3825796268459e-05
KF35.pre	EtfA	butyrate_20180612	Pyruvate	9976629	1439	0.000144237096518273
KF35.pre	EtfB	butyrate_20180612	Pyruvate	9976629	1044	0.000104644564812423
KF35.pre	GctA	butyrate_20180612	Glutarate	9976629	79	7.91850634116995e-06
KF35.pre	GctB	butyrate_20180612	Glutarate	9976629	83	8.3194433711026e-06
KF35.pre	Hbd	butyrate_20180612	Pyruvate	9976629	494	4.9515723196683e-05
KF35.pre	HgCoAd_A	butyrate_20180612	Glutarate	9976629	172	1.72402922871042e-05
KF35.pre	HgCoAd_B	butyrate_20180612	Glutarate	9976629	158	1.58370126823399e-05
KF35.pre	HgCoAd_C	butyrate_20180612	Glutarate	9976629	109	1.09255340656649e-05
KF35.pre	HgdA	butyrate_20180612	Glutarate	9976629	159	1.59372469398231e-05
KF35.pre	HgdB	butyrate_20180612	Glutarate	9976629	1888	0.000189242278128213
KF35.pre	Kal	butyrate_20180612	Lysine	9976629	50	5.01171287415819e-06
KF35.pre	KamA	butyrate_20180612	Lysine	9976629	250	2.5058564370791e-05
KF35.pre	KamD	butyrate_20180612	Lysine	9976629	292	2.92684031850839e-05
KF35.pre	KamE	butyrate_20180612	Lysine	9976629	156	1.56365441673736e-05
KF35.pre	Kce	butyrate_20180612	Lysine	9976629	162	1.62379497122726e-05
KF35.pre	Kdd	butyrate_20180612	Lysine	9976629	154	1.54360756524072e-05
KF35.pre	Ptb	butyrate_20180612	Pyruvate	9976629	294	2.94688717000502e-05
KF35.pre	Thl	butyrate_20180612	Pyruvate	9976629	792	7.93855319266658e-05
KG04.10.mos	4Hbt	butyrate_20180612	4aminobutyrate	7795470	211	2.70670017330578e-05
KG04.10.mos	AbfD-Isom	butyrate_20180612	4aminobutyrate	7795470	227	2.91194757981238e-05
KG04.10.mos	AbfH	butyrate_20180612	4aminobutyrate	7795470	51	6.54226108239785e-06
KG04.10.mos	AtoA	butyrate_20180612	Lysine	7795470	102	1.30845221647957e-05
KG04.10.mos	AtoD	butyrate_20180612	Lysine	7795470	89	1.14168869869296e-05
KG04.10.mos	Bcd	butyrate_20180612	Pyruvate	7795470	1323	0.000169713949255144
KG04.10.mos	Buk	butyrate_20180612	Pyruvate	7795470	731	9.37724088477026e-05
KG04.10.mos	But	butyrate_20180612	Pyruvate	7795470	748	9.59531625418352e-05
KG04.10.mos	Cro	butyrate_20180612	Pyruvate	7795470	380	4.87462590453173e-05
KG04.10.mos	EtfA	butyrate_20180612	Pyruvate	7795470	1225	0.000157142545606615
KG04.10.mos	EtfB	butyrate_20180612	Pyruvate	7795470	917	0.000117632419854095
KG04.10.mos	GctA	butyrate_20180612	Glutarate	7795470	93	1.19300055031961e-05
KG04.10.mos	GctB	butyrate_20180612	Glutarate	7795470	97	1.24431240194626e-05
KG04.10.mos	Hbd	butyrate_20180612	Pyruvate	7795470	378	4.84896997871841e-05
KG04.10.mos	HgCoAd_A	butyrate_20180612	Glutarate	7795470	207	2.65538832167913e-05
KG04.10.mos	HgCoAd_B	butyrate_20180612	Glutarate	7795470	214	2.74518406202577e-05
KG04.10.mos	HgCoAd_C	butyrate_20180612	Glutarate	7795470	121	1.55218351170616e-05
KG04.10.mos	HgdA	butyrate_20180612	Glutarate	7795470	185	2.37317313773255e-05
KG04.10.mos	HgdB	butyrate_20180612	Glutarate	7795470	1608	0.000206273643539132
KG04.10.mos	Kal	butyrate_20180612	Lysine	7795470	67	8.59473514746385e-06
KG04.10.mos	KamA	butyrate_20180612	Lysine	7795470	238	3.05305517178566e-05
KG04.10.mos	KamD	butyrate_20180612	Lysine	7795470	324	4.15625998175864e-05
KG04.10.mos	KamE	butyrate_20180612	Lysine	7795470	168	2.15509776831929e-05
KG04.10.mos	Kce	butyrate_20180612	Lysine	7795470	238	3.05305517178567e-05
KG04.10.mos	Kdd	butyrate_20180612	Lysine	7795470	153	1.96267832471936e-05
KG04.10.mos	Ptb	butyrate_20180612	Pyruvate	7795470	275	3.52768979933218e-05
KG04.10.mos	Thl	butyrate_20180612	Pyruvate	7795470	660	8.46645551839722e-05
KG04.19mo	4Hbt	butyrate_20180612	4aminobutyrate	9710189	291	2.99685206951173e-05
KG04.19mo	AbfD-Isom	butyrate_20180612	4aminobutyrate	9710189	207	2.13178136903411e-05
KG04.19mo	AbfH	butyrate_20180612	4aminobutyrate	9710189	87	8.95966082637526e-06
KG04.19mo	AtoA	butyrate_20180612	Lysine	9710189	82	8.44473779037669e-06
KG04.19mo	AtoD	butyrate_20180612	Lysine	9710189	85	8.75369161197583e-06
KG04.19mo	Bcd	butyrate_20180612	Pyruvate	9710189	1347	0.000138720265898017
KG04.19mo	Buk	butyrate_20180612	Pyruvate	9710189	599	6.16877797126297e-05
KG04.19mo	But	butyrate_20180612	Pyruvate	9710189	599	6.16877797126297e-05
KG04.19mo	Cro	butyrate_20180612	Pyruvate	9710189	347	3.57356586983013e-05
KG04.19mo	EtfA	butyrate_20180612	Pyruvate	9710189	1321	0.000136042666110824
KG04.19mo	EtfB	butyrate_20180612	Pyruvate	9710189	980	0.000100924915055721
KG04.19mo	GctA	butyrate_20180612	Glutarate	9710189	65	6.69399946798152e-06
KG04.19mo	GctB	butyrate_20180612	Glutarate	9710189	62	6.38504564638237e-06
KG04.19mo	Hbd	butyrate_20180612	Pyruvate	9710189	403	4.15027967014854e-05
KG04.19mo	HgCoAd_A	butyrate_20180612	Glutarate	9710189	190	1.9567075367946e-05
KG04.19mo	HgCoAd_B	butyrate_20180612	Glutarate	9710189	116	1.1946214435167e-05
KG04.19mo	HgCoAd_C	butyrate_20180612	Glutarate	9710189	91	9.37159925517413e-06
KG04.19mo	HgdA	butyrate_20180612	Glutarate	9710189	143	1.47267988295593e-05
KG04.19mo	HgdB	butyrate_20180612	Glutarate	9710189	1359	0.000139956081184414
KG04.19mo	Kal	butyrate_20180612	Lysine	9710189	58	5.97310721758351e-06
KG04.19mo	KamA	butyrate_20180612	Lysine	9710189	263	2.70849516935252e-05
KG04.19mo	KamD	butyrate_20180612	Lysine	9710189	344	3.54267048767022e-05
KG04.19mo	KamE	butyrate_20180612	Lysine	9710189	170	1.75073832239517e-05
KG04.19mo	Kce	butyrate_20180612	Lysine	9710189	136	1.40059065791613e-05
KG04.19mo	Kdd	butyrate_20180612	Lysine	9710189	156	1.60655987231556e-05
KG04.19mo	Ptb	butyrate_20180612	Pyruvate	9710189	257	2.64670440503269e-05
KG04.19mo	Thl	butyrate_20180612	Pyruvate	9710189	574	5.91131645326368e-05
KG04.1yr	4Hbt	butyrate_20180612	4aminobutyrate	10374653	456	4.39532772806956e-05
KG04.1yr	AbfD-Isom	butyrate_20180612	4aminobutyrate	10374653	260	2.50610791512738e-05
KG04.1yr	AbfH	butyrate_20180612	4aminobutyrate	10374653	67	6.45804731975132e-06
KG04.1yr	AtoA	butyrate_20180612	Lysine	10374653	144	1.3879982299167e-05
KG04.1yr	AtoD	butyrate_20180612	Lysine	10374653	98	9.44609906471089e-06
KG04.1yr	Bcd	butyrate_20180612	Pyruvate	10374653	1386	0.000133594829629483
KG04.1yr	Buk	butyrate_20180612	Pyruvate	10374653	757	7.29662958365933e-05
KG04.1yr	But	butyrate_20180612	Pyruvate	10374653	648	6.24599203462516e-05
KG04.1yr	Cro	butyrate_20180612	Pyruvate	10374653	388	3.73988411949778e-05
KG04.1yr	EtfA	butyrate_20180612	Pyruvate	10374653	1101	0.000106124031329048
KG04.1yr	EtfB	butyrate_20180612	Pyruvate	10374653	876	8.44365589865994e-05
KG04.1yr	GctA	butyrate_20180612	Glutarate	10374653	54	5.20499336218763e-06
KG04.1yr	GctB	butyrate_20180612	Glutarate	10374653	63	6.07249225588557e-06
KG04.1yr	Hbd	butyrate_20180612	Pyruvate	10374653	389	3.74952299609442e-05
KG04.1yr	HgCoAd_A	butyrate_20180612	Glutarate	10374653	163	1.57113688525293e-05
KG04.1yr	HgCoAd_B	butyrate_20180612	Glutarate	10374653	155	1.49402587247978e-05
KG04.1yr	HgCoAd_C	butyrate_20180612	Glutarate	10374653	58	5.59054842605338e-06
KG04.1yr	HgdA	butyrate_20180612	Glutarate	10374653	117	1.12774856180732e-05
KG04.1yr	HgdB	butyrate_20180612	Glutarate	10374653	1775	0.000171090059590427
KG04.1yr	Kal	butyrate_20180612	Lysine	10374653	75	7.22915744748282e-06
KG04.1yr	KamA	butyrate_20180612	Lysine	10374653	339	3.26757916626224e-05
KG04.1yr	KamD	butyrate_20180612	Lysine	10374653	414	3.99049491101052e-05
KG04.1yr	KamE	butyrate_20180612	Lysine	10374653	216	2.08199734487505e-05
KG04.1yr	Kce	butyrate_20180612	Lysine	10374653	215	2.07235846827841e-05
KG04.1yr	Kdd	butyrate_20180612	Lysine	10374653	247	2.38080251937101e-05
KG04.1yr	Ptb	butyrate_20180612	Pyruvate	10374653	323	3.11335714071594e-05
KG04.1yr	Thl	butyrate_20180612	Pyruvate	10374653	598	5.76404820479297e-05
KG04.d125	4Hbt	butyrate_20180612	4aminobutyrate	5181959	197	3.80165107442957e-05
KG04.d125	AbfD-Isom	butyrate_20180612	4aminobutyrate	5181959	130	2.50870375469972e-05
KG04.d125	AbfH	butyrate_20180612	4aminobutyrate	5181959	40	7.71908847599914e-06
KG04.d125	AtoA	butyrate_20180612	Lysine	5181959	82	1.58241313757982e-05
KG04.d125	AtoD	butyrate_20180612	Lysine	5181959	58	1.11926782901987e-05
KG04.d125	Bcd	butyrate_20180612	Pyruvate	5181959	769	0.000148399475951083
KG04.d125	Buk	butyrate_20180612	Pyruvate	5181959	372	7.1787522826792e-05
KG04.d125	But	butyrate_20180612	Pyruvate	5181959	392	7.56470670647915e-05
KG04.d125	Cro	butyrate_20180612	Pyruvate	5181959	196	3.78235335323958e-05
KG04.d125	EtfA	butyrate_20180612	Pyruvate	5181959	611	0.000117909076470887
KG04.d125	EtfB	butyrate_20180612	Pyruvate	5181959	477	9.20501300762897e-05
KG04.d125	GctA	butyrate_20180612	Glutarate	5181959	24	4.63145308559948e-06
KG04.d125	GctB	butyrate_20180612	Glutarate	5181959	44	8.49099732359905e-06
KG04.d125	Hbd	butyrate_20180612	Pyruvate	5181959	196	3.78235335323958e-05
KG04.d125	HgCoAd_A	butyrate_20180612	Glutarate	5181959	83	1.60171085876982e-05
KG04.d125	HgCoAd_B	butyrate_20180612	Glutarate	5181959	77	1.48592453162983e-05
KG04.d125	HgCoAd_C	butyrate_20180612	Glutarate	5181959	39	7.52611126409916e-06
KG04.d125	HgdA	butyrate_20180612	Glutarate	5181959	69	1.33154276210985e-05
KG04.d125	HgdB	butyrate_20180612	Glutarate	5181959	1029	0.000198573551045078
KG04.d125	Kal	butyrate_20180612	Lysine	5181959	49	9.45588338309894e-06
KG04.d125	KamA	butyrate_20180612	Lysine	5181959	173	3.33850576586963e-05
KG04.d125	KamD	butyrate_20180612	Lysine	5181959	211	4.07181917108954e-05
KG04.d125	KamE	butyrate_20180612	Lysine	5181959	134	2.58589463945971e-05
KG04.d125	Kce	butyrate_20180612	Lysine	5181959	104	2.00696300375977e-05
KG04.d125	Kdd	butyrate_20180612	Lysine	5181959	100	1.92977211899978e-05
KG04.d125	Ptb	butyrate_20180612	Pyruvate	5181959	163	3.14552855396965e-05
KG04.d125	Thl	butyrate_20180612	Pyruvate	5181959	294	5.67353002985936e-05
KG04.d35	4Hbt	butyrate_20180612	4aminobutyrate	4723362	176	3.72615946014724e-05
KG04.d35	AbfD-Isom	butyrate_20180612	4aminobutyrate	4723362	79	1.67253748495246e-05
KG04.d35	AbfH	butyrate_20180612	4aminobutyrate	4723362	28	5.92798095932516e-06
KG04.d35	AtoA	butyrate_20180612	Lysine	4723362	103	2.1806501386089e-05
KG04.d35	AtoD	butyrate_20180612	Lysine	4723362	64	1.35496707641718e-05
KG04.d35	Bcd	butyrate_20180612	Pyruvate	4723362	706	0.00014946980561727
KG04.d35	Buk	butyrate_20180612	Pyruvate	4723362	416	8.80728599671166e-05
KG04.d35	But	butyrate_20180612	Pyruvate	4723362	317	6.71132130037884e-05
KG04.d35	Cro	butyrate_20180612	Pyruvate	4723362	181	3.83201626299233e-05
KG04.d35	EtfA	butyrate_20180612	Pyruvate	4723362	617	0.000130627294710844
KG04.d35	EtfB	butyrate_20180612	Pyruvate	4723362	402	8.51088694874541e-05
KG04.d35	GctA	butyrate_20180612	Glutarate	4723362	20	4.23427211380368e-06
KG04.d35	GctB	butyrate_20180612	Glutarate	4723362	27	5.71626735363497e-06
KG04.d35	Hbd	butyrate_20180612	Pyruvate	4723362	221	4.67887068575307e-05
KG04.d35	HgCoAd_A	butyrate_20180612	Glutarate	4723362	90	1.90542245121166e-05
KG04.d35	HgCoAd_B	butyrate_20180612	Glutarate	4723362	61	1.29145299471012e-05
KG04.d35	HgCoAd_C	butyrate_20180612	Glutarate	4723362	40	8.46854422760737e-06
KG04.d35	HgdA	butyrate_20180612	Glutarate	4723362	49	1.0373966678819e-05
KG04.d35	HgdB	butyrate_20180612	Glutarate	4723362	832	0.000176145719934233
KG04.d35	Kal	butyrate_20180612	Lysine	4723362	43	9.10368504467792e-06
KG04.d35	KamA	butyrate_20180612	Lysine	4723362	208	4.40364299835583e-05
KG04.d35	KamD	butyrate_20180612	Lysine	4723362	233	4.93292701258129e-05
KG04.d35	KamE	butyrate_20180612	Lysine	4723362	104	2.20182149917792e-05
KG04.d35	Kce	butyrate_20180612	Lysine	4723362	123	2.60407734998927e-05
KG04.d35	Kdd	butyrate_20180612	Lysine	4723362	105	2.22299285974693e-05
KG04.d35	Ptb	butyrate_20180612	Pyruvate	4723362	182	3.85318762356135e-05
KG04.d35	Thl	butyrate_20180612	Pyruvate	4723362	317	6.71132130037884e-05
KG04.pre	4Hbt	butyrate_20180612	4aminobutyrate	8090124	401	4.95666073845098e-05
KG04.pre	AbfD-Isom	butyrate_20180612	4aminobutyrate	8090124	305	3.77002874121583e-05
KG04.pre	AbfH	butyrate_20180612	4aminobutyrate	8090124	113	1.39676474674554e-05
KG04.pre	AtoA	butyrate_20180612	Lysine	8090124	137	1.69342274605433e-05
KG04.pre	AtoD	butyrate_20180612	Lysine	8090124	88	1.08774599746555e-05
KG04.pre	Bcd	butyrate_20180612	Pyruvate	8090124	1239	0.000153149692143161
KG04.pre	Buk	butyrate_20180612	Pyruvate	8090124	702	8.67724647978202e-05
KG04.pre	But	butyrate_20180612	Pyruvate	8090124	445	5.50053373718376e-05
KG04.pre	Cro	butyrate_20180612	Pyruvate	8090124	359	4.4375092396606e-05
KG04.pre	EtfA	butyrate_20180612	Pyruvate	8090124	1039	0.000128428192200762
KG04.pre	EtfB	butyrate_20180612	Pyruvate	8090124	899	0.000111123142241083
KG04.pre	GctA	butyrate_20180612	Glutarate	8090124	61	7.54005748243167e-06
KG04.pre	GctB	butyrate_20180612	Glutarate	8090124	58	7.16923498329568e-06
KG04.pre	Hbd	butyrate_20180612	Pyruvate	8090124	384	4.74652798894059e-05
KG04.pre	HgCoAd_A	butyrate_20180612	Glutarate	8090124	156	1.92827699550711e-05
KG04.pre	HgCoAd_B	butyrate_20180612	Glutarate	8090124	137	1.69342274605433e-05
KG04.pre	HgCoAd_C	butyrate_20180612	Glutarate	8090124	98	1.21135349717755e-05
KG04.pre	HgdA	butyrate_20180612	Glutarate	8090124	153	1.89119474559352e-05
KG04.pre	HgdB	butyrate_20180612	Glutarate	8090124	1586	0.000196041494543223
KG04.pre	Kal	butyrate_20180612	Lysine	8090124	62	7.66366498214366e-06
KG04.pre	KamA	butyrate_20180612	Lysine	8090124	252	3.11490899274226e-05
KG04.pre	KamD	butyrate_20180612	Lysine	8090124	290	3.58461749164784e-05
KG04.pre	KamE	butyrate_20180612	Lysine	8090124	158	1.95299849544951e-05
KG04.pre	Kce	butyrate_20180612	Lysine	8090124	133	1.64397974616953e-05
KG04.pre	Kdd	butyrate_20180612	Lysine	8090124	143	1.76758724588152e-05
KG04.pre	Ptb	butyrate_20180612	Pyruvate	8090124	341	4.21501574017901e-05
KG04.pre	Thl	butyrate_20180612	Pyruvate	8090124	741	9.15931572865879e-05
KG56.10.mos	4Hbt	butyrate_20180612	4aminobutyrate	7428445	223	3.00197416821421e-05
KG56.10.mos	AbfD-Isom	butyrate_20180612	4aminobutyrate	7428445	235	3.16351537905982e-05
KG56.10.mos	AbfH	butyrate_20180612	4aminobutyrate	7428445	93	1.25194438405346e-05
KG56.10.mos	AtoA	butyrate_20180612	Lysine	7428445	89	1.19809731377159e-05
KG56.10.mos	AtoD	butyrate_20180612	Lysine	7428445	65	8.75014892080375e-06
KG56.10.mos	Bcd	butyrate_20180612	Pyruvate	7428445	1182	0.000159118092682924
KG56.10.mos	Buk	butyrate_20180612	Pyruvate	7428445	492	6.62318964466991e-05
KG56.10.mos	But	butyrate_20180612	Pyruvate	7428445	545	7.33666332590468e-05
KG56.10.mos	Cro	butyrate_20180612	Pyruvate	7428445	357	4.80585102265683e-05
KG56.10.mos	EtfA	butyrate_20180612	Pyruvate	7428445	1058	0.000142425500895544
KG56.10.mos	EtfB	butyrate_20180612	Pyruvate	7428445	767	0.000103251757265484
KG56.10.mos	GctA	butyrate_20180612	Glutarate	7428445	52	7.000119136643e-06
KG56.10.mos	GctB	butyrate_20180612	Glutarate	7428445	50	6.73088378523365e-06
KG56.10.mos	Hbd	butyrate_20180612	Pyruvate	7428445	343	4.61738627667029e-05
KG56.10.mos	HgCoAd_A	butyrate_20180612	Glutarate	7428445	129	1.73656801659028e-05
KG56.10.mos	HgCoAd_B	butyrate_20180612	Glutarate	7428445	101	1.3596385246172e-05
KG56.10.mos	HgCoAd_C	butyrate_20180612	Glutarate	7428445	56	7.53858983946169e-06
KG56.10.mos	HgdA	butyrate_20180612	Glutarate	7428445	94	1.26540615162393e-05
KG56.10.mos	HgdB	butyrate_20180612	Glutarate	7428445	1200	0.000161541210845608
KG56.10.mos	Kal	butyrate_20180612	Lysine	7428445	42	5.65394237959627e-06
KG56.10.mos	KamA	butyrate_20180612	Lysine	7428445	172	2.31542402212038e-05
KG56.10.mos	KamD	butyrate_20180612	Lysine	7428445	214	2.88081826008e-05
KG56.10.mos	KamE	butyrate_20180612	Lysine	7428445	127	1.70964448144935e-05
KG56.10.mos	Kce	butyrate_20180612	Lysine	7428445	109	1.46733266518094e-05
KG56.10.mos	Kdd	butyrate_20180612	Lysine	7428445	110	1.4807944327514e-05
KG56.10.mos	Ptb	butyrate_20180612	Pyruvate	7428445	220	2.96158886550281e-05
KG56.10.mos	Thl	butyrate_20180612	Pyruvate	7428445	554	7.45781923403889e-05
KG56.1yr	4Hbt	butyrate_20180612	4aminobutyrate	10238687	256	2.50032059774852e-05
KG56.1yr	AbfD-Isom	butyrate_20180612	4aminobutyrate	10238687	263	2.56868873909321e-05
KG56.1yr	AbfH	butyrate_20180612	4aminobutyrate	10238687	84	8.20417696136233e-06
KG56.1yr	AtoA	butyrate_20180612	Lysine	10238687	92	8.98552714815874e-06
KG56.1yr	AtoD	butyrate_20180612	Lysine	10238687	66	6.4461390410704e-06
KG56.1yr	Bcd	butyrate_20180612	Pyruvate	10238687	1504	0.000146893835117726
KG56.1yr	Buk	butyrate_20180612	Pyruvate	10238687	674	6.58287532375977e-05
KG56.1yr	But	butyrate_20180612	Pyruvate	10238687	752	7.34469175588628e-05
KG56.1yr	Cro	butyrate_20180612	Pyruvate	10238687	402	3.92628468865197e-05
KG56.1yr	EtfA	butyrate_20180612	Pyruvate	10238687	1231	0.000120230259993298
KG56.1yr	EtfB	butyrate_20180612	Pyruvate	10238687	953	9.30783410021226e-05
KG56.1yr	GctA	butyrate_20180612	Glutarate	10238687	88	8.59485205476054e-06
KG56.1yr	GctB	butyrate_20180612	Glutarate	10238687	61	5.95779517432265e-06
KG56.1yr	Hbd	butyrate_20180612	Pyruvate	10238687	413	4.03372033933648e-05
KG56.1yr	HgCoAd_A	butyrate_20180612	Glutarate	10238687	152	1.48456535491318e-05
KG56.1yr	HgCoAd_B	butyrate_20180612	Glutarate	10238687	160	1.56270037359282e-05
KG56.1yr	HgCoAd_C	butyrate_20180612	Glutarate	10238687	86	8.39951450806143e-06
KG56.1yr	HgdA	butyrate_20180612	Glutarate	10238687	141	1.37712970422868e-05
KG56.1yr	HgdB	butyrate_20180612	Glutarate	10238687	1588	0.000155098012079088
KG56.1yr	Kal	butyrate_20180612	Lysine	10238687	44	4.29742602738027e-06
KG56.1yr	KamA	butyrate_20180612	Lysine	10238687	249	2.43195245640383e-05
KG56.1yr	KamD	butyrate_20180612	Lysine	10238687	372	3.63327836860332e-05
KG56.1yr	KamE	butyrate_20180612	Lysine	10238687	178	1.73850416562202e-05
KG56.1yr	Kce	butyrate_20180612	Lysine	10238687	126	1.23062654420435e-05
KG56.1yr	Kdd	butyrate_20180612	Lysine	10238687	108	1.05482275217516e-05
KG56.1yr	Ptb	butyrate_20180612	Pyruvate	10238687	377	3.68211275527809e-05
KG56.1yr	Thl	butyrate_20180612	Pyruvate	10238687	731	7.13958733185222e-05
KG56.d125	4Hbt	butyrate_20180612	4aminobutyrate	5024470	154	3.06499989053572e-05
KG56.d125	AbfD-Isom	butyrate_20180612	4aminobutyrate	5024470	136	2.70675315008349e-05
KG56.d125	AbfH	butyrate_20180612	4aminobutyrate	5024470	50	9.95129834589519e-06
KG56.d125	AtoA	butyrate_20180612	Lysine	5024470	54	1.07474022135668e-05
KG56.d125	AtoD	butyrate_20180612	Lysine	5024470	44	8.75714254438777e-06
KG56.d125	Bcd	butyrate_20180612	Pyruvate	5024470	614	0.000122201943687593
KG56.d125	Buk	butyrate_20180612	Pyruvate	5024470	301	5.9906816042289e-05
KG56.d125	But	butyrate_20180612	Pyruvate	5024470	242	4.81642839941327e-05
KG56.d125	Cro	butyrate_20180612	Pyruvate	5024470	163	3.24412326076183e-05
KG56.d125	EtfA	butyrate_20180612	Pyruvate	5024470	501	9.97120094258698e-05
KG56.d125	EtfB	butyrate_20180612	Pyruvate	5024470	434	8.63772696423702e-05
KG56.d125	GctA	butyrate_20180612	Glutarate	5024470	23	4.57759723911179e-06
KG56.d125	GctB	butyrate_20180612	Glutarate	5024470	22	4.37857127219388e-06
KG56.d125	Hbd	butyrate_20180612	Pyruvate	5024470	201	4.00042193504987e-05
KG56.d125	HgCoAd_A	butyrate_20180612	Glutarate	5024470	82	1.63201292872681e-05
KG56.d125	HgCoAd_B	butyrate_20180612	Glutarate	5024470	60	1.19415580150742e-05
KG56.d125	HgCoAd_C	butyrate_20180612	Glutarate	5024470	30	5.97077900753711e-06
KG56.d125	HgdA	butyrate_20180612	Glutarate	5024470	60	1.19415580150742e-05
KG56.d125	HgdB	butyrate_20180612	Glutarate	5024470	1042	0.000207385057528456
KG56.d125	Kal	butyrate_20180612	Lysine	5024470	25	4.97564917294759e-06
KG56.d125	KamA	butyrate_20180612	Lysine	5024470	119	2.36840900632306e-05
KG56.d125	KamD	butyrate_20180612	Lysine	5024470	123	2.44801939309022e-05
KG56.d125	KamE	butyrate_20180612	Lysine	5024470	76	1.51259734857607e-05
KG56.d125	Kce	butyrate_20180612	Lysine	5024470	42	8.35909061055196e-06
KG56.d125	Kdd	butyrate_20180612	Lysine	5024470	72	1.43298696180891e-05
KG56.d125	Ptb	butyrate_20180612	Pyruvate	5024470	140	2.78636353685065e-05
KG56.d125	Thl	butyrate_20180612	Pyruvate	5024470	347	6.90620105205126e-05
KG56.d35	4Hbt	butyrate_20180612	4aminobutyrate	5143907	177	3.44096423205163e-05
KG56.d35	AbfD-Isom	butyrate_20180612	4aminobutyrate	5143907	129	2.50782138946136e-05
KG56.d35	AbfH	butyrate_20180612	4aminobutyrate	5143907	25	4.86011897182433e-06
KG56.d35	AtoA	butyrate_20180612	Lysine	5143907	72	1.39971426388541e-05
KG56.d35	AtoD	butyrate_20180612	Lysine	5143907	40	7.77619035491894e-06
KG56.d35	Bcd	butyrate_20180612	Pyruvate	5143907	695	0.000135111307416717
KG56.d35	Buk	butyrate_20180612	Pyruvate	5143907	364	7.07633322297623e-05
KG56.d35	But	butyrate_20180612	Pyruvate	5143907	335	6.51255942224461e-05
KG56.d35	Cro	butyrate_20180612	Pyruvate	5143907	191	3.71313089447379e-05
KG56.d35	EtfA	butyrate_20180612	Pyruvate	5143907	569	0.000110616307798722
KG56.d35	EtfB	butyrate_20180612	Pyruvate	5143907	458	8.90373795638218e-05
KG56.d35	GctA	butyrate_20180612	Glutarate	5143907	35	6.80416656055407e-06
KG56.d35	GctB	butyrate_20180612	Glutarate	5143907	48	9.33142842590272e-06
KG56.d35	Hbd	butyrate_20180612	Pyruvate	5143907	168	3.26599994906595e-05
KG56.d35	HgCoAd_A	butyrate_20180612	Glutarate	5143907	113	2.1967737752646e-05
KG56.d35	HgCoAd_B	butyrate_20180612	Glutarate	5143907	97	1.88572616106784e-05
KG56.d35	HgCoAd_C	butyrate_20180612	Glutarate	5143907	49	9.5258331847757e-06
KG56.d35	HgdA	butyrate_20180612	Glutarate	5143907	70	1.36083331211081e-05
KG56.d35	HgdB	butyrate_20180612	Glutarate	5143907	953	0.000185267735205944
KG56.d35	Kal	butyrate_20180612	Lysine	5143907	39	7.58178559604596e-06
KG56.d35	KamA	butyrate_20180612	Lysine	5143907	201	3.90753565334677e-05
KG56.d35	KamD	butyrate_20180612	Lysine	5143907	230	4.47130945407839e-05
KG56.d35	KamE	butyrate_20180612	Lysine	5143907	102	1.98292854050433e-05
KG56.d35	Kce	butyrate_20180612	Lysine	5143907	92	1.78852378163136e-05
KG56.d35	Kdd	butyrate_20180612	Lysine	5143907	105	2.04124996816622e-05
KG56.d35	Ptb	butyrate_20180612	Pyruvate	5143907	141	2.74110710010893e-05
KG56.d35	Thl	butyrate_20180612	Pyruvate	5143907	308	5.98766657328758e-05
KG56.pre	4Hbt	butyrate_20180612	4aminobutyrate	9944440	396	3.98212468474846e-05
KG56.pre	AbfD-Isom	butyrate_20180612	4aminobutyrate	9944440	312	3.13743156980182e-05
KG56.pre	AbfH	butyrate_20180612	4aminobutyrate	9944440	128	1.28715141325203e-05
KG56.pre	AtoA	butyrate_20180612	Lysine	9944440	156	1.56871578490091e-05
KG56.pre	AtoD	butyrate_20180612	Lysine	9944440	124	1.2469279315879e-05
KG56.pre	Bcd	butyrate_20180612	Pyruvate	9944440	1673	0.000168234712060206
KG56.pre	Buk	butyrate_20180612	Pyruvate	9944440	747	7.51173520077551e-05
KG56.pre	But	butyrate_20180612	Pyruvate	9944440	787	7.91397001741677e-05
KG56.pre	Cro	butyrate_20180612	Pyruvate	9944440	520	5.22905261633636e-05
KG56.pre	EtfA	butyrate_20180612	Pyruvate	9944440	1375	0.000138268218220433
KG56.pre	EtfB	butyrate_20180612	Pyruvate	9944440	1172	0.000117854801275889
KG56.pre	GctA	butyrate_20180612	Glutarate	9944440	68	6.8379918829014e-06
KG56.pre	GctB	butyrate_20180612	Glutarate	9944440	88	8.84916596610769e-06
KG56.pre	Hbd	butyrate_20180612	Pyruvate	9944440	507	5.09832630092796e-05
KG56.pre	HgCoAd_A	butyrate_20180612	Glutarate	9944440	240	2.41340889984755e-05
KG56.pre	HgCoAd_B	butyrate_20180612	Glutarate	9944440	207	2.08156517611851e-05
KG56.pre	HgCoAd_C	butyrate_20180612	Glutarate	9944440	124	1.2469279315879e-05
KG56.pre	HgdA	butyrate_20180612	Glutarate	9944440	189	1.90055950862995e-05
KG56.pre	HgdB	butyrate_20180612	Glutarate	9944440	1992	0.000200312938687347
KG56.pre	Kal	butyrate_20180612	Lysine	9944440	77	7.74302022034423e-06
KG56.pre	KamA	butyrate_20180612	Lysine	9944440	338	3.39888420061864e-05
KG56.pre	KamD	butyrate_20180612	Lysine	9944440	389	3.91173359183624e-05
KG56.pre	KamE	butyrate_20180612	Lysine	9944440	229	2.30279432527121e-05
KG56.pre	Kce	butyrate_20180612	Lysine	9944440	199	2.00111821279026e-05
KG56.pre	Kdd	butyrate_20180612	Lysine	9944440	181	1.8201125453017e-05
KG56.pre	Ptb	butyrate_20180612	Pyruvate	9944440	320	3.21787853313007e-05
KG56.pre	Thl	butyrate_20180612	Pyruvate	9944440	963	9.68380321063831e-05
KT85.10.mos	4Hbt	butyrate_20180612	4aminobutyrate	11446625	518	4.52535135902504e-05
KT85.10.mos	AbfD-Isom	butyrate_20180612	4aminobutyrate	11446625	412	3.59931420833652e-05
KT85.10.mos	AbfH	butyrate_20180612	4aminobutyrate	11446625	195	1.70355890928549e-05
KT85.10.mos	AtoA	butyrate_20180612	Lysine	11446625	134	1.17065073766285e-05
KT85.10.mos	AtoD	butyrate_20180612	Lysine	11446625	111	9.69718148362509e-06
KT85.10.mos	Bcd	butyrate_20180612	Pyruvate	11446625	1465	0.000127985323184782
KT85.10.mos	Buk	butyrate_20180612	Pyruvate	11446625	784	6.84918043528114e-05
KT85.10.mos	But	butyrate_20180612	Pyruvate	11446625	799	6.9802234283031e-05
KT85.10.mos	Cro	butyrate_20180612	Pyruvate	11446625	443	3.87013639391524e-05
KT85.10.mos	EtfA	butyrate_20180612	Pyruvate	11446625	1229	0.00010736789228266
KT85.10.mos	EtfB	butyrate_20180612	Pyruvate	11446625	978	8.54400314503183e-05
KT85.10.mos	GctA	butyrate_20180612	Glutarate	11446625	64	5.59116770227032e-06
KT85.10.mos	GctB	butyrate_20180612	Glutarate	11446625	78	6.81423563714195e-06
KT85.10.mos	Hbd	butyrate_20180612	Pyruvate	11446625	380	3.319755823223e-05
KT85.10.mos	HgCoAd_A	butyrate_20180612	Glutarate	11446625	204	1.78218470509866e-05
KT85.10.mos	HgCoAd_B	butyrate_20180612	Glutarate	11446625	200	1.74723990695948e-05
KT85.10.mos	HgCoAd_C	butyrate_20180612	Glutarate	11446625	78	6.81423563714195e-06
KT85.10.mos	HgdA	butyrate_20180612	Glutarate	11446625	168	1.46768152184596e-05
KT85.10.mos	HgdB	butyrate_20180612	Glutarate	11446625	1596	0.000139429744575366
KT85.10.mos	Kal	butyrate_20180612	Lysine	11446625	86	7.51313159992574e-06
KT85.10.mos	KamA	butyrate_20180612	Lysine	11446625	362	3.16250423159665e-05
KT85.10.mos	KamD	butyrate_20180612	Lysine	11446625	395	3.45079881624496e-05
KT85.10.mos	KamE	butyrate_20180612	Lysine	11446625	219	1.91322769812062e-05
KT85.10.mos	Kce	butyrate_20180612	Lysine	11446625	150	1.31042993021961e-05
KT85.10.mos	Kdd	butyrate_20180612	Lysine	11446625	182	1.58998831533312e-05
KT85.10.mos	Ptb	butyrate_20180612	Pyruvate	11446625	354	3.09261463531827e-05
KT85.10.mos	Thl	butyrate_20180612	Pyruvate	11446625	757	6.61330304784161e-05
KT85.1yr	4Hbt	butyrate_20180612	4aminobutyrate	9180079	313	3.40955671514374e-05
KT85.1yr	AbfD-Isom	butyrate_20180612	4aminobutyrate	9180079	281	3.06097583691818e-05
KT85.1yr	AbfH	butyrate_20180612	4aminobutyrate	9180079	125	1.36164405556858e-05
KT85.1yr	AtoA	butyrate_20180612	Lysine	9180079	119	1.29628514090129e-05
KT85.1yr	AtoD	butyrate_20180612	Lysine	9180079	100	1.08931524445487e-05
KT85.1yr	Bcd	butyrate_20180612	Pyruvate	9180079	1500	0.00016339728666823
KT85.1yr	Buk	butyrate_20180612	Pyruvate	9180079	822	8.95417130941901e-05
KT85.1yr	But	butyrate_20180612	Pyruvate	9180079	576	6.27445580806004e-05
KT85.1yr	Cro	butyrate_20180612	Pyruvate	9180079	468	5.09799534404878e-05
KT85.1yr	EtfA	butyrate_20180612	Pyruvate	9180079	1328	0.000144661064463606
KT85.1yr	EtfB	butyrate_20180612	Pyruvate	9180079	995	0.000108386866823259
KT85.1yr	GctA	butyrate_20180612	Glutarate	9180079	44	4.79298707560142e-06
KT85.1yr	GctB	butyrate_20180612	Glutarate	9180079	48	5.22871317338337e-06
KT85.1yr	Hbd	butyrate_20180612	Pyruvate	9180079	381	4.15029108137305e-05
KT85.1yr	HgCoAd_A	butyrate_20180612	Glutarate	9180079	160	1.74290439112779e-05
KT85.1yr	HgCoAd_B	butyrate_20180612	Glutarate	9180079	143	1.55772079957046e-05
KT85.1yr	HgCoAd_C	butyrate_20180612	Glutarate	9180079	58	6.31802841783823e-06
KT85.1yr	HgdA	butyrate_20180612	Glutarate	9180079	110	1.19824676890035e-05
KT85.1yr	HgdB	butyrate_20180612	Glutarate	9180079	1485	0.000161763313801548
KT85.1yr	Kal	butyrate_20180612	Lysine	9180079	73	7.95200128452054e-06
KT85.1yr	KamA	butyrate_20180612	Lysine	9180079	247	2.69060865380352e-05
KT85.1yr	KamD	butyrate_20180612	Lysine	9180079	343	3.7363512884802e-05
KT85.1yr	KamE	butyrate_20180612	Lysine	9180079	210	2.28756201335522e-05
KT85.1yr	Kce	butyrate_20180612	Lysine	9180079	149	1.62307971423775e-05
KT85.1yr	Kdd	butyrate_20180612	Lysine	9180079	183	1.99344689735241e-05
KT85.1yr	Ptb	butyrate_20180612	Pyruvate	9180079	332	3.61652661159016e-05
KT85.1yr	Thl	butyrate_20180612	Pyruvate	9180079	571	6.2199900458373e-05
KT85.20mo	4Hbt	butyrate_20180612	4aminobutyrate	10032508	379	3.77771938980761e-05
KT85.20mo	AbfD-Isom	butyrate_20180612	4aminobutyrate	10032508	242	2.41215855496951e-05
KT85.20mo	AbfH	butyrate_20180612	4aminobutyrate	10032508	113	1.12633849880807e-05
KT85.20mo	AtoA	butyrate_20180612	Lysine	10032508	79	7.87440189432194e-06
KT85.20mo	AtoD	butyrate_20180612	Lysine	10032508	75	7.47569800093855e-06
KT85.20mo	Bcd	butyrate_20180612	Pyruvate	10032508	1549	0.000154398082712717
KT85.20mo	Buk	butyrate_20180612	Pyruvate	10032508	818	8.15349461969031e-05
KT85.20mo	But	butyrate_20180612	Pyruvate	10032508	711	7.08696170488974e-05
KT85.20mo	Cro	butyrate_20180612	Pyruvate	10032508	559	5.57188691003287e-05
KT85.20mo	EtfA	butyrate_20180612	Pyruvate	10032508	1292	0.000128781357562835
KT85.20mo	EtfB	butyrate_20180612	Pyruvate	10032508	1015	0.000101171112946035
KT85.20mo	GctA	butyrate_20180612	Glutarate	10032508	67	6.67829021417177e-06
KT85.20mo	GctB	butyrate_20180612	Glutarate	10032508	46	4.58509477390898e-06
KT85.20mo	Hbd	butyrate_20180612	Pyruvate	10032508	566	5.64166009137496e-05
KT85.20mo	HgCoAd_A	butyrate_20180612	Glutarate	10032508	188	1.87390829890193e-05
KT85.20mo	HgCoAd_B	butyrate_20180612	Glutarate	10032508	142	1.41539882151103e-05
KT85.20mo	HgCoAd_C	butyrate_20180612	Glutarate	10032508	67	6.67829021417177e-06
KT85.20mo	HgdA	butyrate_20180612	Glutarate	10032508	148	1.47520440551854e-05
KT85.20mo	HgdB	butyrate_20180612	Glutarate	10032508	1844	0.000183802494849742
KT85.20mo	Kal	butyrate_20180612	Lysine	10032508	63	6.27958632078838e-06
KT85.20mo	KamA	butyrate_20180612	Lysine	10032508	281	2.80089485101831e-05
KT85.20mo	KamD	butyrate_20180612	Lysine	10032508	288	2.8706680323604e-05
KT85.20mo	KamE	butyrate_20180612	Lysine	10032508	146	1.45526921084937e-05
KT85.20mo	Kce	butyrate_20180612	Lysine	10032508	129	1.28582005616143e-05
KT85.20mo	Kdd	butyrate_20180612	Lysine	10032508	138	1.37552843217269e-05
KT85.20mo	Ptb	butyrate_20180612	Pyruvate	10032508	465	4.6349327605819e-05
KT85.20mo	Thl	butyrate_20180612	Pyruvate	10032508	937	9.33963870250589e-05
KT85.d125	4Hbt	butyrate_20180612	4aminobutyrate	4579092	320	6.98828501371014e-05
KT85.d125	AbfD-Isom	butyrate_20180612	4aminobutyrate	4579092	269	5.87452708965009e-05
KT85.d125	AbfH	butyrate_20180612	4aminobutyrate	4579092	105	2.29303102012364e-05
KT85.d125	AtoA	butyrate_20180612	Lysine	4579092	116	2.53325331746993e-05
KT85.d125	AtoD	butyrate_20180612	Lysine	4579092	54	1.17927309606359e-05
KT85.d125	Bcd	butyrate_20180612	Pyruvate	4579092	670	0.000146317217474556
KT85.d125	Buk	butyrate_20180612	Pyruvate	4579092	357	7.79630546842038e-05
KT85.d125	But	butyrate_20180612	Pyruvate	4579092	256	5.59062801096811e-05
KT85.d125	Cro	butyrate_20180612	Pyruvate	4579092	166	3.62517285086214e-05
KT85.d125	EtfA	butyrate_20180612	Pyruvate	4579092	569	0.000124260442900033
KT85.d125	EtfB	butyrate_20180612	Pyruvate	4579092	464	0.000101330132698797
KT85.d125	GctA	butyrate_20180612	Glutarate	4579092	21	4.58606204024728e-06
KT85.d125	GctB	butyrate_20180612	Glutarate	4579092	25	5.45959766696105e-06
KT85.d125	Hbd	butyrate_20180612	Pyruvate	4579092	184	4.01826388288333e-05
KT85.d125	HgCoAd_A	butyrate_20180612	Glutarate	4579092	84	1.83442481609891e-05
KT85.d125	HgCoAd_B	butyrate_20180612	Glutarate	4579092	77	1.681556081424e-05
KT85.d125	HgCoAd_C	butyrate_20180612	Glutarate	4579092	39	8.51697236045923e-06
KT85.d125	HgdA	butyrate_20180612	Glutarate	4579092	65	1.41949539340987e-05
KT85.d125	HgdB	butyrate_20180612	Glutarate	4579092	848	0.000185189552863319
KT85.d125	Kal	butyrate_20180612	Lysine	4579092	52	1.1355963147279e-05
KT85.d125	KamA	butyrate_20180612	Lysine	4579092	206	4.4987084775759e-05
KT85.d125	KamD	butyrate_20180612	Lysine	4579092	263	5.74349674564302e-05
KT85.d125	KamE	butyrate_20180612	Lysine	4579092	155	3.38495055351585e-05
KT85.d125	Kce	butyrate_20180612	Lysine	4579092	137	2.99185952149465e-05
KT85.d125	Kdd	butyrate_20180612	Lysine	4579092	126	2.75163722414837e-05
KT85.d125	Ptb	butyrate_20180612	Pyruvate	4579092	170	3.71252641353351e-05
KT85.d125	Thl	butyrate_20180612	Pyruvate	4579092	289	6.31129490300697e-05
KT85.pre	4Hbt	butyrate_20180612	4aminobutyrate	8188357	242	2.95541584227459e-05
KT85.pre	AbfD-Isom	butyrate_20180612	4aminobutyrate	8188357	250	3.05311553953986e-05
KT85.pre	AbfH	butyrate_20180612	4aminobutyrate	8188357	127	1.55098269408625e-05
KT85.pre	AtoA	butyrate_20180612	Lysine	8188357	85	1.03805928344355e-05
KT85.pre	AtoD	butyrate_20180612	Lysine	8188357	83	1.01363435912723e-05
KT85.pre	Bcd	butyrate_20180612	Pyruvate	8188357	1147	0.000140076940954089
KT85.pre	Buk	butyrate_20180612	Pyruvate	8188357	460	5.61773259275334e-05
KT85.pre	But	butyrate_20180612	Pyruvate	8188357	579	7.07101558957432e-05
KT85.pre	Cro	butyrate_20180612	Pyruvate	8188357	372	4.54303592283531e-05
KT85.pre	EtfA	butyrate_20180612	Pyruvate	8188357	987	0.000120537001501034
KT85.pre	EtfB	butyrate_20180612	Pyruvate	8188357	810	9.89209434810915e-05
KT85.pre	GctA	butyrate_20180612	Glutarate	8188357	75	9.15934661861958e-06
KT85.pre	GctB	butyrate_20180612	Glutarate	8188357	63	7.69385115964045e-06
KT85.pre	Hbd	butyrate_20180612	Pyruvate	8188357	323	3.9446252770855e-05
KT85.pre	HgCoAd_A	butyrate_20180612	Glutarate	8188357	213	2.60125443968796e-05
KT85.pre	HgCoAd_B	butyrate_20180612	Glutarate	8188357	160	1.95399394530551e-05
KT85.pre	HgCoAd_C	butyrate_20180612	Glutarate	8188357	85	1.03805928344355e-05
KT85.pre	HgdA	butyrate_20180612	Glutarate	8188357	127	1.55098269408625e-05
KT85.pre	HgdB	butyrate_20180612	Glutarate	8188357	1341	0.000163769117540918
KT85.pre	Kal	butyrate_20180612	Lysine	8188357	49	5.98410645749813e-06
KT85.pre	KamA	butyrate_20180612	Lysine	8188357	222	2.7111665991114e-05
KT85.pre	KamD	butyrate_20180612	Lysine	8188357	246	3.00426569090722e-05
KT85.pre	KamE	butyrate_20180612	Lysine	8188357	138	1.685319777826e-05
KT85.pre	Kce	butyrate_20180612	Lysine	8188357	110	1.34337083739754e-05
KT85.pre	Kdd	butyrate_20180612	Lysine	8188357	118	1.44107053466281e-05
KT85.pre	Ptb	butyrate_20180612	Pyruvate	8188357	243	2.96762830443275e-05
KT85.pre	Thl	butyrate_20180612	Pyruvate	8188357	508	6.203930776345e-05
KV82.10.mos	4Hbt	butyrate_20180612	4aminobutyrate	6889710	251	3.64311415139389e-05
KV82.10.mos	AbfD-Isom	butyrate_20180612	4aminobutyrate	6889710	131	1.9013862702494e-05
KV82.10.mos	AbfH	butyrate_20180612	4aminobutyrate	6889710	72	1.04503672868669e-05
KV82.10.mos	AtoA	butyrate_20180612	Lysine	6889710	64	9.28921536610394e-06
KV82.10.mos	AtoD	butyrate_20180612	Lysine	6889710	39	5.66061561371959e-06
KV82.10.mos	Bcd	butyrate_20180612	Pyruvate	6889710	896	0.000130049015125455
KV82.10.mos	Buk	butyrate_20180612	Pyruvate	6889710	535	7.76520347010252e-05
KV82.10.mos	But	butyrate_20180612	Pyruvate	6889710	472	6.85079633250166e-05
KV82.10.mos	Cro	butyrate_20180612	Pyruvate	6889710	293	4.25271890979446e-05
KV82.10.mos	EtfA	butyrate_20180612	Pyruvate	6889710	767	0.000111325440403152
KV82.10.mos	EtfB	butyrate_20180612	Pyruvate	6889710	553	8.02646265227419e-05
KV82.10.mos	GctA	butyrate_20180612	Glutarate	6889710	35	5.08003965333809e-06
KV82.10.mos	GctB	butyrate_20180612	Glutarate	6889710	38	5.51547162362422e-06
KV82.10.mos	Hbd	butyrate_20180612	Pyruvate	6889710	277	4.02048852564186e-05
KV82.10.mos	HgCoAd_A	butyrate_20180612	Glutarate	6889710	136	1.97395826529709e-05
KV82.10.mos	HgCoAd_B	butyrate_20180612	Glutarate	6889710	113	1.64012708807773e-05
KV82.10.mos	HgCoAd_C	butyrate_20180612	Glutarate	6889710	39	5.66061561371959e-06
KV82.10.mos	HgdA	butyrate_20180612	Glutarate	6889710	87	1.26275271382975e-05
KV82.10.mos	HgdB	butyrate_20180612	Glutarate	6889710	1165	0.000169092748461111
KV82.10.mos	Kal	butyrate_20180612	Lysine	6889710	40	5.80575960381496e-06
KV82.10.mos	KamA	butyrate_20180612	Lysine	6889710	175	2.54001982666905e-05
KV82.10.mos	KamD	butyrate_20180612	Lysine	6889710	184	2.67064941775488e-05
KV82.10.mos	KamE	butyrate_20180612	Lysine	6889710	110	1.59658389104912e-05
KV82.10.mos	Kce	butyrate_20180612	Lysine	6889710	105	1.52401189600143e-05
KV82.10.mos	Kdd	butyrate_20180612	Lysine	6889710	82	1.19018071878207e-05
KV82.10.mos	Ptb	butyrate_20180612	Pyruvate	6889710	284	4.12208931870862e-05
KV82.10.mos	Thl	butyrate_20180612	Pyruvate	6889710	528	7.66360267703575e-05
KV82.19mo	4Hbt	butyrate_20180612	4aminobutyrate	10110577	195	1.92867330914942e-05
KV82.19mo	AbfD-Isom	butyrate_20180612	4aminobutyrate	10110577	152	1.50337611790109e-05
KV82.19mo	AbfH	butyrate_20180612	4aminobutyrate	10110577	78	7.71469323659767e-06
KV82.19mo	AtoA	butyrate_20180612	Lysine	10110577	84	8.30813117787442e-06
KV82.19mo	AtoD	butyrate_20180612	Lysine	10110577	55	5.43984779503682e-06
KV82.19mo	Bcd	butyrate_20180612	Pyruvate	10110577	1255	0.000124127436050386
KV82.19mo	Buk	butyrate_20180612	Pyruvate	10110577	555	5.48930095680988e-05
KV82.19mo	But	butyrate_20180612	Pyruvate	10110577	511	5.05411313320694e-05
KV82.19mo	Cro	butyrate_20180612	Pyruvate	10110577	390	3.85734661829884e-05
KV82.19mo	EtfA	butyrate_20180612	Pyruvate	10110577	1426	0.000141040417376773
KV82.19mo	EtfB	butyrate_20180612	Pyruvate	10110577	949	9.38621010452717e-05
KV82.19mo	GctA	butyrate_20180612	Glutarate	10110577	42	4.15406558893721e-06
KV82.19mo	GctB	butyrate_20180612	Glutarate	10110577	43	4.25297191248333e-06
KV82.19mo	Hbd	butyrate_20180612	Pyruvate	10110577	334	3.30347120644054e-05
KV82.19mo	HgCoAd_A	butyrate_20180612	Glutarate	10110577	94	9.29719441333566e-06
KV82.19mo	HgCoAd_B	butyrate_20180612	Glutarate	10110577	80	7.91250588368992e-06
KV82.19mo	HgCoAd_C	butyrate_20180612	Glutarate	10110577	48	4.74750353021395e-06
KV82.19mo	HgdA	butyrate_20180612	Glutarate	10110577	98	9.69281970752015e-06
KV82.19mo	HgdB	butyrate_20180612	Glutarate	10110577	1353	0.000133820255757906
KV82.19mo	Kal	butyrate_20180612	Lysine	10110577	37	3.65953397120659e-06
KV82.19mo	KamA	butyrate_20180612	Lysine	10110577	139	1.37479789729112e-05
KV82.19mo	KamD	butyrate_20180612	Lysine	10110577	178	1.76053255912101e-05
KV82.19mo	KamE	butyrate_20180612	Lysine	10110577	85	8.40703750142054e-06
KV82.19mo	Kce	butyrate_20180612	Lysine	10110577	75	7.4179742659593e-06
KV82.19mo	Kdd	butyrate_20180612	Lysine	10110577	84	8.30813117787442e-06
KV82.19mo	Ptb	butyrate_20180612	Pyruvate	10110577	242	2.3935330298162e-05
KV82.19mo	Thl	butyrate_20180612	Pyruvate	10110577	497	4.91564428024236e-05
KV82.1yr	4Hbt	butyrate_20180612	4aminobutyrate	9288362	297	3.19754979403257e-05
KV82.1yr	AbfD-Isom	butyrate_20180612	4aminobutyrate	9288362	284	3.05758970203788e-05
KV82.1yr	AbfH	butyrate_20180612	4aminobutyrate	9288362	75	8.07462069200145e-06
KV82.1yr	AtoA	butyrate_20180612	Lysine	9288362	109	1.17351154057088e-05
KV82.1yr	AtoD	butyrate_20180612	Lysine	9288362	81	8.72059034736157e-06
KV82.1yr	Bcd	butyrate_20180612	Pyruvate	9288362	1676	0.000180440857063926
KV82.1yr	Buk	butyrate_20180612	Pyruvate	9288362	982	0.000105723700260606
KV82.1yr	But	butyrate_20180612	Pyruvate	9288362	797	8.58063025536688e-05
KV82.1yr	Cro	butyrate_20180612	Pyruvate	9288362	553	5.95368699023574e-05
KV82.1yr	EtfA	butyrate_20180612	Pyruvate	9288362	1431	0.000154063762803388
KV82.1yr	EtfB	butyrate_20180612	Pyruvate	9288362	1142	0.000122949557736875
KV82.1yr	GctA	butyrate_20180612	Glutarate	9288362	52	5.59840367978767e-06
KV82.1yr	GctB	butyrate_20180612	Glutarate	9288362	50	5.3830804613343e-06
KV82.1yr	Hbd	butyrate_20180612	Pyruvate	9288362	608	6.54582584098251e-05
KV82.1yr	HgCoAd_A	butyrate_20180612	Glutarate	9288362	150	1.61492413840029e-05
KV82.1yr	HgCoAd_B	butyrate_20180612	Glutarate	9288362	103	1.10891457503487e-05
KV82.1yr	HgCoAd_C	butyrate_20180612	Glutarate	9288362	69	7.42865103664134e-06
KV82.1yr	HgdA	butyrate_20180612	Glutarate	9288362	96	1.03355144857619e-05
KV82.1yr	HgdB	butyrate_20180612	Glutarate	9288362	1899	0.000204449395921477
KV82.1yr	Kal	butyrate_20180612	Lysine	9288362	63	6.78268138128122e-06
KV82.1yr	KamA	butyrate_20180612	Lysine	9288362	308	3.31597756418193e-05
KV82.1yr	KamD	butyrate_20180612	Lysine	9288362	412	4.43565830013946e-05
KV82.1yr	KamE	butyrate_20180612	Lysine	9288362	190	2.04557057530703e-05
KV82.1yr	Kce	butyrate_20180612	Lysine	9288362	165	1.77641655224032e-05
KV82.1yr	Kdd	butyrate_20180612	Lysine	9288362	159	1.71181958670431e-05
KV82.1yr	Ptb	butyrate_20180612	Pyruvate	9288362	577	6.21207485237978e-05
KV82.1yr	Thl	butyrate_20180612	Pyruvate	9288362	977	0.000105185392214472
KV82.d125	4Hbt	butyrate_20180612	4aminobutyrate	3590279	98	2.72959288122177e-05
KV82.d125	AbfD-Isom	butyrate_20180612	4aminobutyrate	3590279	48	1.33694345202699e-05
KV82.d125	AbfH	butyrate_20180612	4aminobutyrate	3590279	27	7.5203069176518e-06
KV82.d125	AtoA	butyrate_20180612	Lysine	3590279	69	1.92185621228879e-05
KV82.d125	AtoD	butyrate_20180612	Lysine	3590279	35	9.74854600436345e-06
KV82.d125	Bcd	butyrate_20180612	Pyruvate	3590279	597	0.000166282341845857
KV82.d125	Buk	butyrate_20180612	Pyruvate	3590279	301	8.38374956375257e-05
KV82.d125	But	butyrate_20180612	Pyruvate	3590279	224	6.23906944279261e-05
KV82.d125	Cro	butyrate_20180612	Pyruvate	3590279	155	4.31721323050381e-05
KV82.d125	EtfA	butyrate_20180612	Pyruvate	3590279	469	0.00013063051645847
KV82.d125	EtfB	butyrate_20180612	Pyruvate	3590279	349	9.72069301577955e-05
KV82.d125	GctA	butyrate_20180612	Glutarate	3590279	19	5.29206783094016e-06
KV82.d125	GctB	butyrate_20180612	Glutarate	3590279	22	6.12765748845703e-06
KV82.d125	Hbd	butyrate_20180612	Pyruvate	3590279	174	4.84642001359783e-05
KV82.d125	HgCoAd_A	butyrate_20180612	Glutarate	3590279	61	1.69903230361763e-05
KV82.d125	HgCoAd_B	butyrate_20180612	Glutarate	3590279	50	1.39264942919478e-05
KV82.d125	HgCoAd_C	butyrate_20180612	Glutarate	3590279	27	7.5203069176518e-06
KV82.d125	HgdA	butyrate_20180612	Glutarate	3590279	54	1.50406138353036e-05
KV82.d125	HgdB	butyrate_20180612	Glutarate	3590279	468	0.000130351986572631
KV82.d125	Kal	butyrate_20180612	Lysine	3590279	14	3.89941840174538e-06
KV82.d125	KamA	butyrate_20180612	Lysine	3590279	58	1.61547333786594e-05
KV82.d125	KamD	butyrate_20180612	Lysine	3590279	61	1.69903230361763e-05
KV82.d125	KamE	butyrate_20180612	Lysine	3590279	42	1.16982552052361e-05
KV82.d125	Kce	butyrate_20180612	Lysine	3590279	56	1.55976736069815e-05
KV82.d125	Kdd	butyrate_20180612	Lysine	3590279	25	6.96324714597389e-06
KV82.d125	Ptb	butyrate_20180612	Pyruvate	3590279	104	2.89671081272514e-05
KV82.d125	Thl	butyrate_20180612	Pyruvate	3590279	248	6.9075411688061e-05
KV82.d35	4Hbt	butyrate_20180612	4aminobutyrate	5014973	76	1.51546179809941e-05
KV82.d35	AbfD-Isom	butyrate_20180612	4aminobutyrate	5014973	43	8.57432333135193e-06
KV82.d35	AbfH	butyrate_20180612	4aminobutyrate	5014973	26	5.18447457244536e-06
KV82.d35	AtoA	butyrate_20180612	Lysine	5014973	14	2.79164015439365e-06
KV82.d35	AtoD	butyrate_20180612	Lysine	5014973	15	2.99104302256463e-06
KV82.d35	Bcd	butyrate_20180612	Pyruvate	5014973	621	0.000123829181134176
KV82.d35	Buk	butyrate_20180612	Pyruvate	5014973	277	5.52345944833601e-05
KV82.d35	But	butyrate_20180612	Pyruvate	5014973	183	3.64907248752885e-05
KV82.d35	Cro	butyrate_20180612	Pyruvate	5014973	182	3.62913220071175e-05
KV82.d35	EtfA	butyrate_20180612	Pyruvate	5014973	673	0.000134198130279066
KV82.d35	EtfB	butyrate_20180612	Pyruvate	5014973	492	9.81062111401198e-05
KV82.d35	GctA	butyrate_20180612	Glutarate	5014973	7	1.39582007719683e-06
KV82.d35	GctB	butyrate_20180612	Glutarate	5014973	12	2.3928344180517e-06
KV82.d35	Hbd	butyrate_20180612	Pyruvate	5014973	189	3.76871420843143e-05
KV82.d35	HgCoAd_A	butyrate_20180612	Glutarate	5014973	36	7.17850325415511e-06
KV82.d35	HgCoAd_B	butyrate_20180612	Glutarate	5014973	28	5.5832803087873e-06
KV82.d35	HgCoAd_C	butyrate_20180612	Glutarate	5014973	17	3.38984875890658e-06
KV82.d35	HgdA	butyrate_20180612	Glutarate	5014973	24	4.7856688361034e-06
KV82.d35	HgdB	butyrate_20180612	Glutarate	5014973	635	0.000126620821288569
KV82.d35	Kal	butyrate_20180612	Lysine	5014973	5	9.97014340854876e-07
KV82.d35	KamA	butyrate_20180612	Lysine	5014973	37	7.37790612232608e-06
KV82.d35	KamD	butyrate_20180612	Lysine	5014973	51	1.01695462767197e-05
KV82.d35	KamE	butyrate_20180612	Lysine	5014973	21	4.18746023159048e-06
KV82.d35	Kce	butyrate_20180612	Lysine	5014973	9	1.79462581353878e-06
KV82.d35	Kdd	butyrate_20180612	Lysine	5014973	20	3.9880573634195e-06
KV82.d35	Ptb	butyrate_20180612	Pyruvate	5014973	165	3.29014732482109e-05
KV82.d35	Thl	butyrate_20180612	Pyruvate	5014973	256	5.10471342517696e-05
KV82.pre	4Hbt	butyrate_20180612	4aminobutyrate	10646579	329	3.09019451224661e-05
KV82.pre	AbfD-Isom	butyrate_20180612	4aminobutyrate	10646579	200	1.87853769741435e-05
KV82.pre	AbfH	butyrate_20180612	4aminobutyrate	10646579	116	1.08955186450032e-05
KV82.pre	AtoA	butyrate_20180612	Lysine	10646579	150	1.40890327306076e-05
KV82.pre	AtoD	butyrate_20180612	Lysine	10646579	85	7.983785214011e-06
KV82.pre	Bcd	butyrate_20180612	Pyruvate	10646579	1593	0.000149625527599053
KV82.pre	Buk	butyrate_20180612	Pyruvate	10646579	998	9.37390311009762e-05
KV82.pre	But	butyrate_20180612	Pyruvate	10646579	912	8.56613190020945e-05
KV82.pre	Cro	butyrate_20180612	Pyruvate	10646579	536	5.03448102907046e-05
KV82.pre	EtfA	butyrate_20180612	Pyruvate	10646579	1277	0.000119944631979906
KV82.pre	EtfB	butyrate_20180612	Pyruvate	10646579	965	9.06394439002425e-05
KV82.pre	GctA	butyrate_20180612	Glutarate	10646579	59	5.54168620737234e-06
KV82.pre	GctB	butyrate_20180612	Glutarate	10646579	74	6.9505894804331e-06
KV82.pre	Hbd	butyrate_20180612	Pyruvate	10646579	502	4.71512962051002e-05
KV82.pre	HgCoAd_A	butyrate_20180612	Glutarate	10646579	171	1.60614973128927e-05
KV82.pre	HgCoAd_B	butyrate_20180612	Glutarate	10646579	124	1.1646933723969e-05
KV82.pre	HgCoAd_C	butyrate_20180612	Glutarate	10646579	57	5.3538324376309e-06
KV82.pre	HgdA	butyrate_20180612	Glutarate	10646579	150	1.40890327306076e-05
KV82.pre	HgdB	butyrate_20180612	Glutarate	10646579	1990	0.000186914500892728
KV82.pre	Kal	butyrate_20180612	Lysine	10646579	79	7.42022390478669e-06
KV82.pre	KamA	butyrate_20180612	Lysine	10646579	318	2.98687493888882e-05
KV82.pre	KamD	butyrate_20180612	Lysine	10646579	458	4.30185132707887e-05
KV82.pre	KamE	butyrate_20180612	Lysine	10646579	244	2.29181599084551e-05
KV82.pre	Kce	butyrate_20180612	Lysine	10646579	174	1.63432779675049e-05
KV82.pre	Kdd	butyrate_20180612	Lysine	10646579	174	1.63432779675049e-05
KV82.pre	Ptb	butyrate_20180612	Pyruvate	10646579	545	5.11901522545411e-05
KV82.pre	Thl	butyrate_20180612	Pyruvate	10646579	906	8.50977576928702e-05
